method,project,Accuracy,Precision,Recall,F1,AUC
TF-IDF,tensorflow,0.8892617449664432,0.8151902447940357,0.8453512396694215,0.8279834094985773,0.924516676505313
TF-IDF,pytorch,0.8867549668874173,0.7419761425195881,0.7392344497607656,0.7362810675705725,0.8919657097288676
TF-IDF,keras,0.869402985074627,0.7972324997151072,0.8116130148840428,0.8029878602811648,0.9170647282796814
TF-IDF,incubator-mxnet,0.9134615384615384,0.8090725826887081,0.7857142857142858,0.7918737422274168,0.913947590870668
TF-IDF,caffe,0.9189655172413792,0.8790056104026693,0.7135854341736694,0.7581660799654518,0.8610644257703081
Word2Vec,tensorflow,0.8567114093959731,0.7668884648015949,0.8108987603305785,0.7845062781168981,0.8923922668240849
Word2Vec,pytorch,0.8476821192052981,0.6669013552486345,0.6853468899521531,0.6740697149656911,0.8128787878787879
Word2Vec,keras,0.8171641791044777,0.7248602834808274,0.7470578054690205,0.7319845568552994,0.8362062997577017
Word2Vec,incubator-mxnet,0.8673076923076923,0.706040285765221,0.7,0.6982838392977435,0.8673710904480135
Word2Vec,caffe,0.8603448275862069,0.6749739549666021,0.6309523809523809,0.6379150280129673,0.7871148459383753
GloVe,tensorflow,0.8446308724832214,0.7492245706933235,0.7821871310507674,0.7626717467337978,0.8908426800472256
GloVe,pytorch,0.8768211920529803,0.7171888452093937,0.6772328548644339,0.6920069777233567,0.8431818181818181
GloVe,keras,0.8395522388059702,0.754425090407221,0.7666147455867082,0.7585355620573663,0.8657667012807199
GloVe,incubator-mxnet,0.8990384615384617,0.7770155189390663,0.7379120879120881,0.7527481798586322,0.8973795435333898
GloVe,caffe,0.893103448275862,0.7780216563865286,0.6742296918767506,0.6991105268533709,0.864985994397759
BERT,tensorflow,0.8506711409395973,0.7557725323295109,0.7536525974025976,0.7544633570801503,0.8693845926800472
BERT,pytorch,0.880794701986755,0.7259901939320159,0.650219298245614,0.6744446043638518,0.8329346092503987
BERT,keras,0.8074626865671641,0.7004341269529812,0.6911388023537557,0.6937624210217319,0.823122187608169
BERT,incubator-mxnet,0.8932692307692308,0.7804826639043853,0.6752747252747253,0.7020880466123185,0.8562975486052409
BERT,caffe,0.8810344827586206,0.7796816461141616,0.5749299719887955,0.591506898850773,0.7563025210084033
SBERT,tensorflow,0.92751677852349,0.8829104691792672,0.8805711334120424,0.8809083215007376,0.964603010625738
SBERT,pytorch,0.9218543046357616,0.8455528830521312,0.7953548644338118,0.812989132270728,0.9512360446570972
SBERT,keras,0.9104477611940298,0.8645446249878409,0.8566978193146418,0.8591099110870554,0.9354447905849776
SBERT,incubator-mxnet,0.9182692307692308,0.8357825057195505,0.7587912087912088,0.7854810571422783,0.9288250211327136
SBERT,caffe,0.9327586206896552,0.8750815142435565,0.7892156862745098,0.817861382347202,0.9627450980392156
